{
	"_type": "export",
	"__export_format": 3,
	"__export_date": "2019-03-18T20:29:44.889Z",
	"__export_source": "insomnia.desktop.app:v6.3.2",
	"resources": [
		{
			"_id": "wrk_ac0f094ed3164c7196f8f61b059b9246",
			"created": 1552740529793,
			"description": "",
			"modified": 1552740529793,
			"name": "Yonder",
			"parentId": null,
			"_type": "workspace"
		},
		{
			"_id": "env_e0804e1de01f429ba7bdaf3384852781",
			"color": null,
			"created": 1552740529803,
			"data": {},
			"isPrivate": false,
			"metaSortKey": 1552740529803,
			"modified": 1552740529803,
			"name": "New Environment",
			"parentId": "wrk_ac0f094ed3164c7196f8f61b059b9246",
			"_type": "environment"
		},
		{
			"_id": "jar_3a050962eeeb481197a0629787eda63a",
			"cookies": [],
			"created": 1552740529806,
			"modified": 1552740529806,
			"name": "Default Jar",
			"parentId": "wrk_ac0f094ed3164c7196f8f61b059b9246",
			"_type": "cookie_jar"
		},
		{
			"_id": "fld_e3ef82f7786e4935b0fb620f004c1b5b",
			"created": 1552884169546,
			"description": "",
			"environment": {},
			"metaSortKey": -1552884169546,
			"modified": 1552884169546,
			"name": "users",
			"parentId": "wrk_ac0f094ed3164c7196f8f61b059b9246",
			"_type": "request_group"
		},
		{
			"_id": "req_e134d1e51b5e49729e1400eed0099ae3",
			"authentication": {},
			"body": {},
			"created": 1552740569622,
			"description": "",
			"headers": [],
			"isPrivate": false,
			"metaSortKey": -1552884169596,
			"method": "GET",
			"modified": 1552884180588,
			"name": "/",
			"parameters": [],
			"parentId": "wrk_ac0f094ed3164c7196f8f61b059b9246",
			"settingDisableRenderRequestBody": false,
			"settingEncodeUrl": true,
			"settingMaxTimelineDataSize": 1000,
			"settingRebuildPath": true,
			"settingSendCookies": true,
			"settingStoreCookies": true,
			"url": "localhost:4000/api/",
			"_type": "request"
		},
		{
			"_id": "req_4019dcec08d44ee593e925a2e4390152",
			"authentication": {},
			"body": {},
			"created": 1552882915963,
			"description": "",
			"headers": [],
			"isPrivate": false,
			"metaSortKey": -1552884169571,
			"method": "GET",
			"modified": 1552884183184,
			"name": "/greet",
			"parameters": [],
			"parentId": "wrk_ac0f094ed3164c7196f8f61b059b9246",
			"settingDisableRenderRequestBody": false,
			"settingEncodeUrl": true,
			"settingMaxTimelineDataSize": 1000,
			"settingRebuildPath": true,
			"settingSendCookies": true,
			"settingStoreCookies": true,
			"url": "localhost:4000/api/greet",
			"_type": "request"
		},
		{
			"_id": "req_969b6689a86a4c038c79cb5224eaaf8a",
			"authentication": {},
			"body": {},
			"created": 1552880817579,
			"description": "",
			"headers": [],
			"isPrivate": false,
			"metaSortKey": -1552740569534.5,
			"method": "GET",
			"modified": 1552884177872,
			"name": "/users",
			"parameters": [],
			"parentId": "fld_e3ef82f7786e4935b0fb620f004c1b5b",
			"settingDisableRenderRequestBody": false,
			"settingEncodeUrl": true,
			"settingMaxTimelineDataSize": 1000,
			"settingRebuildPath": true,
			"settingSendCookies": true,
			"settingStoreCookies": true,
			"url": "localhost:4000/api/users/",
			"_type": "request"
		},
		{
			"_id": "req_846ce111ad2e4522a3e0aa94a1d599ec",
			"authentication": {},
			"body": {
				"mimeType": "application/json",
				"text": "{\n  \"firstName\": \"George\",\n  \"lastName\": \"Costanza\",\n  \"isHost\": false,\n  \"email\": \"summerofgeorge69@aol.com\",\n  \"dateOfBirth\": \"2019-03-17T20:27:07.248Z\",\n  \"preferredLanguage\": \"en_US\",\n  \"authZeroId\": \"whatever\",\n  \"about\": null,\n  \"receiveCoupon\": null\n}"
			},
			"created": 1552880844147,
			"description": "",
			"headers": [
				{
					"id": "pair_7c51dcfac49641c0881597f0d45943ab",
					"name": "Content-Type",
					"value": "application/json"
				},
				{
					"id": "pair_2c3a60c9e6dc4f30ba7d41af9c84aaad",
					"name": "",
					"value": ""
				}
			],
			"isPrivate": false,
			"metaSortKey": -1552740569584.5,
			"method": "POST",
			"modified": 1552884173512,
			"name": "/users",
			"parameters": [],
			"parentId": "fld_e3ef82f7786e4935b0fb620f004c1b5b",
			"settingDisableRenderRequestBody": false,
			"settingEncodeUrl": true,
			"settingMaxTimelineDataSize": 1000,
			"settingRebuildPath": true,
			"settingSendCookies": true,
			"settingStoreCookies": true,
			"url": "localhost:4000/api/users/",
			"_type": "request"
		},
		{
			"_id": "req_30c25c3a87364bcd9781c200b8120d22",
			"authentication": {},
			"body": {},
			"created": 1552881051994,
			"description": "",
			"headers": [],
			"isPrivate": false,
			"metaSortKey": -1552740569484.5,
			"method": "GET",
			"modified": 1552934013892,
			"name": "/users/:id",
			"parameters": [],
			"parentId": "fld_e3ef82f7786e4935b0fb620f004c1b5b",
			"settingDisableRenderRequestBody": false,
			"settingEncodeUrl": true,
			"settingMaxTimelineDataSize": 1000,
			"settingRebuildPath": true,
			"settingSendCookies": true,
			"settingStoreCookies": true,
			"url": "localhost:4000/api/users/5c8fe47556d46bf8003f8682",
			"_type": "request"
		},
		{
			"_id": "req_f8d80111f4a24b4dbfca1a5e1b209b4b",
			"authentication": {},
			"body": {
				"mimeType": "application/json",
				"text": "{\n  \"about\": \"Some update.\"\n}"
			},
			"created": 1552881135096,
			"description": "",
			"headers": [
				{
					"id": "pair_2956c8ad756648949517b4f2df046ca6",
					"name": "Content-Type",
					"value": "application/json"
				}
			],
			"isPrivate": false,
			"metaSortKey": -1552740569434.5,
			"method": "PATCH",
			"modified": 1552934022057,
			"name": "/users/:id",
			"parameters": [],
			"parentId": "fld_e3ef82f7786e4935b0fb620f004c1b5b",
			"settingDisableRenderRequestBody": false,
			"settingEncodeUrl": true,
			"settingMaxTimelineDataSize": 1000,
			"settingRebuildPath": true,
			"settingSendCookies": true,
			"settingStoreCookies": true,
			"url": "localhost:4000/api/users/5c8fe47556d46bf8003f8682",
			"_type": "request"
		},
		{
			"_id": "req_7eb7c79e301f4e4796369445b0c67fbc",
			"authentication": {},
			"body": {},
			"created": 1552881466177,
			"description": "",
			"headers": [],
			"isPrivate": false,
			"metaSortKey": -1552740569384.5,
			"method": "DELETE",
			"modified": 1552934028222,
			"name": "/users/:id",
			"parameters": [],
			"parentId": "fld_e3ef82f7786e4935b0fb620f004c1b5b",
			"settingDisableRenderRequestBody": false,
			"settingEncodeUrl": true,
			"settingMaxTimelineDataSize": 1000,
			"settingRebuildPath": true,
			"settingSendCookies": true,
			"settingStoreCookies": true,
			"url": "localhost:4000/api/users/5c8fe47556d46bf8003f8682",
			"_type": "request"
		}
	]
}